mileage_m,normal_force_N,penetration_m,rail_irregularity_m,iterations
0.000000000000000000e+00,6.999999999999995634e+04,4.000000000000000327e-05,0.000000000000000000e+00,0.000000000000000000e+00
2.500000000000000052e-03,6.999999999999995634e+04,4.000000000000000327e-05,0.000000000000000000e+00,1.000000000000000000e+00
5.000000000000000104e-03,6.999999999999995634e+04,4.000000000000000327e-05,0.000000000000000000e+00,1.000000000000000000e+00
7.500000000000000590e-03,6.999999999999995634e+04,4.000000000000000327e-05,0.000000000000000000e+00,1.000000000000000000e+00
1.000000000000000021e-02,6.999999999999995634e+04,4.000000000000000327e-05,0.000000000000000000e+00,1.000000000000000000e+00
1.250000000000000069e-02,6.999999999999995634e+04,4.000000000000000327e-05,0.000000000000000000e+00,1.000000000000000000e+00
1.500000000000000118e-02,6.999999999999995634e+04,4.000000000000000327e-05,0.000000000000000000e+00,1.000000000000000000e+00
1.750000000000000167e-02,6.999999999999998545e+04,4.000000000000001682e-05,0.000000000000000000e+00,1.000000000000000000e+00
2.000000000000000389e-02,6.999999999999998545e+04,4.000000000000001682e-05,0.000000000000000000e+00,1.000000000000000000e+00
2.250000000000000611e-02,6.999999999999998545e+04,4.000000000000001682e-05,0.000000000000000000e+00,1.000000000000000000e+00
2.500000000000000486e-02,6.999999999999998545e+04,4.000000000000001682e-05,0.000000000000000000e+00,1.000000000000000000e+00
2.750000000000000708e-02,7.000000000000002910e+04,4.000000000000003038e-05,0.000000000000000000e+00,1.000000000000000000e+00
3.000000000000000930e-02,7.000000000000002910e+04,4.000000000000003038e-05,0.000000000000000000e+00,1.000000000000000000e+00
3.250000000000000805e-02,7.000000000000002910e+04,4.000000000000003038e-05,0.000000000000000000e+00,1.000000000000000000e+00
3.500000000000001027e-02,7.000000000000002910e+04,4.000000000000003038e-05,0.000000000000000000e+00,1.000000000000000000e+00
3.750000000000001249e-02,7.000000000000005821e+04,4.000000000000004393e-05,0.000000000000000000e+00,1.000000000000000000e+00
4.000000000000001471e-02,7.000000000000005821e+04,4.000000000000004393e-05,0.000000000000000000e+00,1.000000000000000000e+00
4.250000000000001693e-02,7.000000000000005821e+04,4.000000000000004393e-05,0.000000000000000000e+00,1.000000000000000000e+00
4.500000000000001221e-02,7.000000000000005821e+04,4.000000000000004393e-05,0.000000000000000000e+00,1.000000000000000000e+00
4.750000000000001443e-02,7.000000000000005821e+04,4.000000000000004393e-05,0.000000000000000000e+00,1.000000000000000000e+00
5.000000000000000971e-02,7.000000000000005821e+04,4.000000000000004393e-05,0.000000000000000000e+00,1.000000000000000000e+00
5.250000000000000500e-02,7.000000000000005821e+04,4.000000000000004393e-05,0.000000000000000000e+00,1.000000000000000000e+00
5.500000000000000028e-02,7.000000000000004366e+04,4.000000000000003715e-05,0.000000000000000000e+00,1.000000000000000000e+00
5.749999999999999556e-02,7.000000000000002910e+04,4.000000000000003038e-05,0.000000000000000000e+00,1.000000000000000000e+00
5.999999999999999778e-02,7.000000000000002910e+04,4.000000000000003038e-05,0.000000000000000000e+00,1.000000000000000000e+00
6.249999999999999306e-02,7.000000000000002910e+04,4.000000000000003038e-05,0.000000000000000000e+00,1.000000000000000000e+00
6.499999999999998834e-02,7.000000000000000000e+04,4.000000000000002360e-05,0.000000000000000000e+00,1.000000000000000000e+00
6.749999999999997669e-02,6.999999999999998545e+04,4.000000000000001682e-05,0.000000000000000000e+00,1.000000000000000000e+00
6.999999999999997891e-02,6.999999999999997090e+04,4.000000000000001005e-05,0.000000000000000000e+00,1.000000000000000000e+00
7.249999999999996725e-02,6.999999999999997090e+04,4.000000000000001005e-05,0.000000000000000000e+00,1.000000000000000000e+00
7.499999999999996947e-02,6.999999999999995634e+04,4.000000000000000327e-05,0.000000000000000000e+00,1.000000000000000000e+00
7.749999999999995781e-02,6.999999999999995634e+04,4.000000000000000327e-05,0.000000000000000000e+00,1.000000000000000000e+00
7.999999999999996003e-02,6.999999999999992724e+04,3.999999999999999650e-05,0.000000000000000000e+00,1.000000000000000000e+00
8.249999999999996225e-02,6.999999999999992724e+04,3.999999999999999650e-05,0.000000000000000000e+00,1.000000000000000000e+00
8.499999999999995060e-02,6.999999999999992724e+04,3.999999999999999650e-05,0.000000000000000000e+00,1.000000000000000000e+00
8.749999999999995282e-02,6.999999999999992724e+04,3.999999999999999650e-05,0.000000000000000000e+00,1.000000000000000000e+00
8.999999999999994116e-02,6.999999999999992724e+04,3.999999999999999650e-05,0.000000000000000000e+00,1.000000000000000000e+00
9.249999999999994338e-02,6.999999999999992724e+04,3.999999999999999650e-05,0.000000000000000000e+00,1.000000000000000000e+00
9.499999999999993172e-02,6.999999999999992724e+04,3.999999999999999650e-05,0.000000000000000000e+00,1.000000000000000000e+00
9.749999999999993394e-02,6.999999999999992724e+04,3.999999999999999650e-05,0.000000000000000000e+00,1.000000000000000000e+00
9.999999999999993616e-02,6.999999999999997090e+04,4.000000000000001005e-05,0.000000000000000000e+00,1.000000000000000000e+00
1.024999999999999384e-01,6.999999999999997090e+04,4.000000000000001005e-05,0.000000000000000000e+00,1.000000000000000000e+00
1.049999999999999545e-01,6.999999999999998545e+04,4.000000000000001682e-05,0.000000000000000000e+00,1.000000000000000000e+00
1.074999999999999567e-01,7.000000000000000000e+04,4.000000000000002360e-05,0.000000000000000000e+00,1.000000000000000000e+00
1.099999999999999589e-01,7.000000000000000000e+04,4.000000000000002360e-05,0.000000000000000000e+00,1.000000000000000000e+00
1.124999999999999750e-01,7.000000000000004366e+04,4.000000000000003715e-05,0.000000000000000000e+00,1.000000000000000000e+00
1.149999999999999772e-01,7.000000000000004366e+04,4.000000000000003715e-05,0.000000000000000000e+00,1.000000000000000000e+00
1.174999999999999795e-01,7.000000000000005821e+04,4.000000000000004393e-05,0.000000000000000000e+00,1.000000000000000000e+00
1.199999999999999956e-01,7.000000000000007276e+04,4.000000000000005071e-05,0.000000000000000000e+00,1.000000000000000000e+00
1.224999999999999978e-01,7.000000000000007276e+04,4.000000000000005071e-05,0.000000000000000000e+00,1.000000000000000000e+00
1.250000000000000000e-01,7.000000000000007276e+04,4.000000000000005071e-05,0.000000000000000000e+00,1.000000000000000000e+00
1.275000000000000022e-01,7.000000000000007276e+04,4.000000000000005071e-05,0.000000000000000000e+00,1.000000000000000000e+00
1.300000000000000044e-01,7.000000000000007276e+04,4.000000000000005071e-05,0.000000000000000000e+00,1.000000000000000000e+00
1.325000000000000344e-01,7.000000000000007276e+04,4.000000000000005071e-05,0.000000000000000000e+00,1.000000000000000000e+00
1.350000000000000366e-01,7.000000000000007276e+04,4.000000000000005071e-05,0.000000000000000000e+00,1.000000000000000000e+00
1.375000000000000389e-01,7.000000000000007276e+04,4.000000000000005071e-05,0.000000000000000000e+00,1.000000000000000000e+00
1.400000000000000411e-01,7.000000000000007276e+04,4.000000000000005071e-05,0.000000000000000000e+00,1.000000000000000000e+00
1.425000000000000433e-01,7.000000000000007276e+04,4.000000000000005071e-05,0.000000000000000000e+00,1.000000000000000000e+00
1.450000000000000455e-01,7.000000000000005821e+04,4.000000000000004393e-05,0.000000000000000000e+00,1.000000000000000000e+00
1.475000000000000755e-01,7.000000000000004366e+04,4.000000000000003715e-05,0.000000000000000000e+00,1.000000000000000000e+00
1.500000000000000777e-01,7.000000000000007276e+04,4.000000000000005071e-05,1.961926030129855275e-20,1.000000000000000000e+00
1.525000000000000799e-01,7.153276290059025632e+04,4.058179921259495178e-05,5.888972363860492598e-07,1.400000000000000000e+01
1.550000000000000822e-01,7.301814202178569394e+04,4.114166055095566719e-05,1.176886435917694696e-06,1.300000000000000000e+01
1.575000000000000844e-01,7.440669643759504834e+04,4.166160335879976417e-05,1.763060961867585836e-06,1.300000000000000000e+01
1.600000000000000866e-01,7.564780644027104427e+04,4.212360427482145448e-05,2.346516975603484461e-06,1.200000000000000000e+01
1.625000000000000888e-01,7.669469330890955462e+04,4.251134458186710903e-05,2.926354830241945531e-06,1.200000000000000000e+01
1.650000000000001188e-01,7.750733479107440508e+04,4.281111116888240909e-05,3.501680457838609221e-06,1.100000000000000000e+01
1.675000000000001210e-01,7.805440097590933146e+04,4.301232262916662881e-05,4.071606747976142077e-06,1.100000000000000000e+01
1.700000000000001232e-01,7.831467086962092435e+04,4.310788504242451933e-05,4.635254915624239929e-06,1.000000000000000000e+01
1.725000000000001255e-01,7.827798496099087060e+04,4.309442161843770398e-05,5.191755856162423603e-06,8.000000000000000000e+00
1.750000000000001277e-01,7.794567767557119078e+04,4.297237162119629382e-05,5.740251485476376412e-06,1.000000000000000000e+01
1.775000000000001299e-01,7.733044007142052578e+04,4.274594793312042464e-05,6.279896063061449293e-06,1.100000000000000000e+01
1.800000000000001599e-01,7.645561408353371371e+04,4.242295196359317436e-05,6.809857496093236082e-06,1.200000000000000000e+01
1.825000000000001621e-01,7.535397147666920500e+04,4.201445447492204582e-05,7.329318622454358920e-06,1.200000000000000000e+01
1.850000000000001643e-01,7.406607301414255926e+04,4.153435883136092521e-05,7.837478470739267449e-06,1.300000000000000000e+01
1.875000000000001665e-01,7.263832910678081680e+04,4.099886761501568251e-05,8.333553495294066652e-06,1.300000000000000000e+01
1.900000000000001688e-01,7.112089980954883504e+04,4.042587787998237888e-05,8.816778784387130615e-06,1.400000000000000000e+01
1.925000000000001710e-01,6.956557153502877918e+04,3.983433178609013684e-05,9.286409239647543020e-06,1.400000000000000000e+01
1.950000000000001732e-01,6.802373604912351584e+04,3.924354983425922146e-05,9.741720724952787177e-06,1.400000000000000000e+01
1.975000000000002032e-01,6.654457331022263679e+04,3.867257239235376873e-05,1.018201118299416193e-05,1.300000000000000000e+01
2.000000000000001776e-01,6.517350888616518205e+04,3.813953265575688583e-05,1.060660171779824258e-05,1.200000000000000000e+01
2.025000000000001521e-01,6.395098292031906749e+04,3.766108091582652675e-05,1.101483764153530835e-05,1.200000000000000000e+01
2.050000000000001543e-01,6.291153268110551289e+04,3.725187541694163432e-05,1.140608948400048992e-05,1.200000000000000000e+01
2.075000000000001288e-01,6.208316302400496352e+04,3.692415127252188738e-05,1.177975396321119352e-05,1.100000000000000000e+01
2.100000000000001310e-01,6.148696142684233200e+04,3.668737613721083135e-05,1.213525491562422995e-05,1.100000000000000000e+01
2.125000000000001055e-01,6.113690038254186948e+04,3.654799657782721356e-05,1.247204418453819325e-05,1.000000000000000000e+01
2.150000000000000799e-01,6.103977473881855985e+04,3.650927813636445699e-05,1.278960246531139415e-05,9.000000000000000000e+00
2.175000000000000822e-01,6.119522999874589732e+04,3.657123940666473939e-05,1.308744010609196645e-05,1.000000000000000000e+01
2.200000000000000566e-01,6.159585326344944770e+04,3.673067829907414403e-05,1.336509786282552448e-05,1.100000000000000000e+01
2.225000000000000311e-01,6.222732556001870398e+04,3.698128991304165669e-05,1.362214760737622323e-05,1.100000000000000000e+01
2.250000000000000333e-01,6.306865139708958304e+04,3.731387288153971296e-05,1.385819298766930406e-05,1.200000000000000000e+01
2.275000000000000078e-01,6.409250065369938966e+04,3.771662081842915156e-05,1.407287003883726192e-05,1.200000000000000000e+01
2.299999999999999822e-01,6.526570542278474750e+04,3.817549311829427158e-05,1.426584774442730296e-05,1.200000000000000000e+01
2.324999999999999845e-01,6.654995568706799531e+04,3.867465768688587796e-05,1.443682854680470798e-05,1.300000000000000000e+01
2.349999999999999589e-01,6.790272990516338905e+04,3.919699628369419038e-05,1.458554880596514688e-05,1.300000000000000000e+01
2.374999999999999611e-01,6.927847646285698283e+04,3.972465951822408517e-05,1.471177920604845501e-05,1.400000000000000000e+01
2.399999999999999356e-01,7.063003833356886753e+04,4.023965599219934150e-05,1.481532510892706345e-05,1.400000000000000000e+01
2.424999999999999101e-01,7.191028445291444950e+04,4.072445700838432024e-05,1.489602685432389395e-05,1.300000000000000000e+01
2.449999999999999123e-01,7.307388284018849663e+04,4.116259578788081225e-05,1.495376000599691834e-05,1.300000000000000000e+01
2.474999999999998868e-01,7.407912715827557258e+04,4.153923897471445073e-05,1.498843554361084396e-05,1.200000000000000000e+01
2.499999999999998890e-01,7.488970974459293939e+04,4.184170721794998197e-05,1.500000000000000038e-05,1.200000000000000000e+01
2.524999999999998357e-01,7.547632857611043437e+04,4.205992322685927896e-05,1.498843554361084565e-05,1.100000000000000000e+01
2.549999999999998379e-01,7.581801686907809926e+04,4.218676707288107673e-05,1.495376000599692343e-05,1.100000000000000000e+01
2.574999999999998401e-01,7.590310198043502169e+04,4.221832329034709027e-05,1.489602685432389903e-05,9.000000000000000000e+00
2.599999999999997868e-01,7.572972101354325423e+04,4.215400757664872336e-05,1.481532510892707362e-05,1.000000000000000000e+01
2.624999999999997891e-01,7.530585905582505802e+04,4.199656882364819329e-05,1.471177920604846857e-05,1.100000000000000000e+01
2.649999999999997913e-01,7.464890587185205368e+04,4.175196589458886700e-05,1.458554880596516213e-05,1.200000000000000000e+01
2.674999999999997935e-01,7.378476515034284967e+04,4.142912531162814557e-05,1.443682854680472322e-05,1.200000000000000000e+01
2.699999999999997402e-01,7.274658490931925189e+04,4.103959233666497867e-05,1.426584774442732329e-05,1.300000000000000000e+01
2.724999999999997424e-01,7.157320089411103982e+04,4.059709189704690212e-05,1.407287003883728225e-05,1.400000000000000000e+01
2.749999999999997446e-01,7.030740092703845585e+04,4.011701957186993136e-05,1.385819298766932608e-05,1.400000000000000000e+01
2.774999999999996914e-01,6.899412282212419086e+04,3.961588506112849104e-05,1.362214760737625203e-05,1.400000000000000000e+01
2.799999999999996936e-01,6.767869176001990854e+04,3.911073113685564480e-05,1.336509786282555158e-05,1.300000000000000000e+01
2.824999999999996958e-01,6.640518793836457189e+04,3.861855071265054651e-05,1.308744010609199524e-05,1.300000000000000000e+01
2.849999999999996425e-01,6.521501176692127046e+04,3.815572259295070155e-05,1.278960246531142973e-05,1.200000000000000000e+01
2.874999999999996447e-01,6.414568910804554616e+04,3.773748453239242036e-05,1.247204418453822544e-05,1.200000000000000000e+01
2.899999999999996469e-01,6.322993059983993589e+04,3.737745850974595667e-05,1.213525491562426384e-05,1.200000000000000000e+01
2.924999999999995937e-01,6.249493560285805142e+04,3.708723998789325205e-05,1.177975396321123417e-05,1.100000000000000000e+01
2.949999999999995959e-01,6.196191521521695540e+04,3.687606060694204258e-05,1.140608948400052550e-05,1.100000000000000000e+01
2.974999999999995981e-01,6.164579455070453696e+04,3.675052952244626869e-05,1.101483764153535070e-05,1.000000000000000000e+01
2.999999999999996003e-01,6.155505559793510474e+04,3.671445760325306147e-05,1.060660171779827985e-05,9.000000000000000000e+00
3.024999999999995470e-01,6.169168616804279736e+04,3.676876631177281729e-05,1.018201118299420937e-05,9.000000000000000000e+00
3.049999999999995492e-01,6.205120739058835898e+04,3.691147971143915728e-05,9.741720724952836305e-06,1.100000000000000000e+01
3.074999999999995515e-01,6.262277818951199151e+04,3.713780103042553000e-05,9.286409239647593842e-06,1.100000000000000000e+01
3.099999999999994982e-01,6.338938319342203613e+04,3.744027085719183953e-05,8.816778784387194990e-06,1.200000000000000000e+01
3.124999999999995004e-01,6.432812758892920829e+04,3.780900412098620272e-05,8.333553495294137803e-06,1.200000000000000000e+01
3.149999999999995026e-01,6.541066966039158433e+04,3.823200094352951139e-05,7.837478470739336905e-06,1.200000000000000000e+01
3.174999999999994493e-01,6.660382435560210433e+04,3.869552493199603858e-05,7.329318622454439388e-06,1.300000000000000000e+01
3.199999999999994515e-01,6.787036679345973243e+04,3.918454084379762706e-05,6.809857496093322480e-06,1.300000000000000000e+01
3.224999999999994538e-01,6.917004972846647433e+04,3.968320037501788086e-05,6.279896063061541619e-06,1.400000000000000000e+01
3.249999999999994005e-01,7.046083117960282834e+04,4.017536267486966297e-05,5.740251485476477209e-06,1.400000000000000000e+01
3.274999999999994027e-01,7.170028545532349381e+04,4.064513351002616281e-05,5.191755856162530329e-06,1.300000000000000000e+01
3.299999999999994049e-01,7.284714729970620829e+04,4.107740478058352938e-05,4.635254915624345808e-06,1.300000000000000000e+01
3.324999999999993516e-01,7.386291891510048299e+04,4.145837498832490541e-05,4.071606747976259814e-06,1.200000000000000000e+01
3.349999999999993539e-01,7.471345231465646066e+04,4.177603012455743145e-05,3.501680457838732041e-06,1.200000000000000000e+01
3.374999999999993561e-01,7.537041253537706507e+04,4.202056551753496888e-05,2.926354830242073010e-06,1.200000000000000000e+01
3.399999999999993028e-01,7.581252727709226019e+04,4.218473069733544387e-05,2.346516975603629304e-06,1.100000000000000000e+01
3.424999999999993050e-01,7.602653722253427259e+04,4.226408178510389054e-05,1.763060961867728561e-06,1.000000000000000000e+01
3.449999999999993072e-01,7.600777972065690847e+04,4.225712981609394231e-05,1.176886435917841868e-06,8.000000000000000000e+00
3.474999999999993094e-01,7.576036733060848201e+04,4.216537940396751266e-05,5.888972363861939966e-07,1.000000000000000000e+01
3.499999999999992562e-01,7.529694813287154830e+04,4.199325579617536810e-05,1.816931001879963939e-19,1.100000000000000000e+01
3.524999999999992584e-01,7.620331734123181377e+04,4.232957257439394510e-05,0.000000000000000000e+00,1.200000000000000000e+01
3.549999999999992606e-01,7.688050594906538026e+04,4.257998000407195932e-05,0.000000000000000000e+00,1.100000000000000000e+01
3.574999999999992073e-01,7.730897552513041592e+04,4.273803759553966743e-05,0.000000000000000000e+00,1.100000000000000000e+01
3.599999999999992095e-01,7.747467526068605366e+04,4.279908401470620412e-05,0.000000000000000000e+00,1.000000000000000000e+01
3.624999999999992117e-01,7.737273960652014648e+04,4.276153445525988049e-05,0.000000000000000000e+00,9.000000000000000000e+00
3.649999999999991585e-01,7.700855592685223382e+04,4.262724688917702063e-05,0.000000000000000000e+00,1.100000000000000000e+01
3.674999999999991607e-01,7.639753633853523934e+04,4.240146549763958292e-05,0.000000000000000000e+00,1.100000000000000000e+01
3.699999999999991629e-01,7.556424771806155331e+04,4.209257942416236677e-05,0.000000000000000000e+00,1.200000000000000000e+01
3.724999999999991096e-01,7.454113684318111336e+04,4.171177193945574451e-05,0.000000000000000000e+00,1.200000000000000000e+01
3.749999999999991118e-01,7.336695887833437882e+04,4.127258237840306446e-05,0.000000000000000000e+00,1.300000000000000000e+01
3.774999999999991140e-01,7.208500405953110021e+04,4.079039549379248110e-05,0.000000000000000000e+00,1.300000000000000000e+01
3.799999999999991163e-01,7.074123081782441295e+04,4.028187763284473056e-05,0.000000000000000000e+00,1.400000000000000000e+01
3.824999999999990630e-01,6.938241478571652260e+04,3.976438212714724063e-05,0.000000000000000000e+00,1.400000000000000000e+01
3.849999999999990652e-01,6.805441240931609354e+04,3.925534727316879494e-05,0.000000000000000000e+00,1.300000000000000000e+01
3.874999999999990674e-01,6.680061684280441841e+04,3.877170918135742280e-05,0.000000000000000000e+00,1.300000000000000000e+01
3.899999999999990141e-01,6.566065585421009746e+04,3.832934892443387310e-05,0.000000000000000000e+00,1.200000000000000000e+01
3.924999999999990163e-01,6.466935478896972199e+04,3.794259090468040117e-05,0.000000000000000000e+00,1.200000000000000000e+01
3.949999999999990186e-01,6.385596000219079724e+04,3.762376532952221148e-05,0.000000000000000000e+00,1.200000000000000000e+01
3.974999999999989653e-01,6.324359794349379081e+04,3.738284448401087314e-05,0.000000000000000000e+00,1.100000000000000000e+01
3.999999999999989675e-01,6.284893376861710567e+04,3.722716014154713932e-05,0.000000000000000000e+00,1.100000000000000000e+01
4.024999999999989697e-01,6.268198590309883730e+04,3.716120569783192175e-05,0.000000000000000000e+00,1.000000000000000000e+01
4.049999999999989164e-01,6.274605991458260542e+04,3.718652570019953058e-05,0.000000000000000000e+00,9.000000000000000000e+00
4.074999999999989186e-01,6.303777223189471260e+04,3.730169234215120744e-05,0.000000000000000000e+00,1.000000000000000000e+01
4.099999999999989209e-01,6.354715291678057110e+04,3.750236846501176500e-05,0.000000000000000000e+00,1.100000000000000000e+01
4.124999999999988676e-01,6.425783403718708723e+04,3.778145563839308690e-05,0.000000000000000000e+00,1.200000000000000000e+01
4.149999999999988698e-01,6.514734374354732427e+04,3.812932407957274838e-05,0.000000000000000000e+00,1.200000000000000000e+01
4.174999999999988720e-01,6.618753567296631809e+04,3.853411942382028017e-05,0.000000000000000000e+00,1.200000000000000000e+01
4.199999999999988187e-01,6.734518768935157277e+04,3.898213995762449691e-05,0.000000000000000000e+00,1.300000000000000000e+01
4.224999999999988209e-01,6.858280068994357134e+04,3.945827623336478249e-05,0.000000000000000000e+00,1.400000000000000000e+01
4.249999999999988232e-01,6.985961482614667329e+04,3.994650204208398489e-05,0.000000000000000000e+00,1.400000000000000000e+01
4.274999999999988254e-01,7.113284179768571630e+04,4.043040305562076397e-05,0.000000000000000000e+00,1.400000000000000000e+01
4.299999999999987721e-01,7.235908965473959688e+04,4.089372708138676603e-05,0.000000000000000000e+00,1.300000000000000000e+01
4.324999999999987743e-01,7.349593200569416513e+04,4.132093743940712404e-05,0.000000000000000000e+00,1.300000000000000000e+01
4.349999999999987765e-01,7.450355226330104051e+04,4.169774969380448342e-05,0.000000000000000000e+00,1.200000000000000000e+01
4.374999999999987232e-01,7.534637484218562895e+04,4.201163070146669452e-05,0.000000000000000000e+00,1.200000000000000000e+01
4.399999999999987255e-01,7.599458725043735467e+04,4.225224003545517069e-05,0.000000000000000000e+00,1.100000000000000000e+01
4.424999999999987277e-01,7.642545357706962386e+04,4.241179444978119298e-05,0.000000000000000000e+00,1.100000000000000000e+01
4.449999999999986744e-01,7.662433170166258060e+04,4.248533996581341216e-05,0.000000000000000000e+00,1.000000000000000000e+01
4.474999999999986766e-01,7.658532071485351480e+04,4.247091864848052614e-05,0.000000000000000000e+00,8.000000000000000000e+00
4.499999999999986788e-01,7.631149622715129226e+04,4.236962405253636544e-05,0.000000000000000000e+00,1.000000000000000000e+01
4.524999999999986255e-01,7.581471466709296510e+04,4.218554212008840724e-05,0.000000000000000000e+00,1.100000000000000000e+01
4.549999999999986278e-01,7.511500157370806846e+04,4.192558055410330171e-05,0.000000000000000000e+00,1.200000000000000000e+01
4.574999999999986300e-01,7.423956973272490723e+04,4.159919521573383618e-05,0.000000000000000000e+00,1.200000000000000000e+01
4.599999999999986322e-01,7.322153899645869387e+04,4.121802704362542019e-05,0.000000000000000000e+00,1.300000000000000000e+01
4.624999999999985789e-01,7.209844502753351117e+04,4.079546585362702106e-05,0.000000000000000000e+00,1.300000000000000000e+01
4.649999999999985811e-01,7.091063433596650430e+04,4.034616047594626195e-05,0.000000000000000000e+00,1.400000000000000000e+01
4.674999999999985834e-01,6.969964143060173956e+04,3.988549570349812795e-05,0.000000000000000000e+00,1.400000000000000000e+01
4.699999999999985301e-01,6.850663521746970946e+04,3.942905690753041673e-05,0.000000000000000000e+00,1.400000000000000000e+01
4.724999999999985323e-01,6.737100512544361118e+04,3.899210211081512606e-05,0.000000000000000000e+00,1.300000000000000000e+01
4.749999999999985345e-01,6.632913672054496419e+04,3.858905955599647953e-05,0.000000000000000000e+00,1.200000000000000000e+01
4.774999999999984812e-01,6.541340436114268959e+04,3.823306654290571866e-05,0.000000000000000000e+00,1.200000000000000000e+01
4.799999999999984834e-01,6.465138563937079743e+04,3.793556204562287422e-05,0.000000000000000000e+00,1.200000000000000000e+01
4.824999999999984857e-01,6.406528488737058069e+04,3.770594292435652079e-05,0.000000000000000000e+00,1.100000000000000000e+01
4.849999999999984324e-01,6.367154239204782061e+04,3.755129150005314032e-05,0.000000000000000000e+00,1.100000000000000000e+01
4.874999999999984346e-01,6.348059740801828593e+04,3.747617872512986817e-05,0.000000000000000000e+00,1.000000000000000000e+01
4.899999999999984368e-01,6.349677753079737158e+04,3.748254648096789089e-05,0.000000000000000000e+00,7.000000000000000000e+00
4.924999999999983835e-01,6.371828794812166598e+04,3.756966853547712555e-05,0.000000000000000000e+00,1.000000000000000000e+01
4.949999999999983857e-01,6.413729214705491177e+04,3.773419112220050551e-05,0.000000000000000000e+00,1.100000000000000000e+01
4.974999999999983880e-01,6.474008485257124994e+04,3.797025153740294409e-05,0.000000000000000000e+00,1.200000000000000000e+01
4.999999999999983347e-01,6.550736936253671593e+04,3.826967178843062505e-05,0.000000000000000000e+00,1.200000000000000000e+01
